{
  "version": "1.1.1",
  "windows": {
    "main": {
      "main": true,
      "url": "app://editor/index.html",
      "windowType": "dockable",
      "x": 0,
      "y": 0,
      "width": 1920,
      "height": 1040,
      "layout": {
        "children": [
          {
            "children": [
              {
                "active": 0,
                "children": [
                  "hierarchy"
                ],
                "height": 286.015625,
                "type": "panel",
                "width": 247.765625
              },
              {
                "active": 0,
                "children": [
                  "assets"
                ],
                "height": 632.984375,
                "type": "panel",
                "width": 247.765625
              }
            ],
            "height": 922,
            "type": "dock-v",
            "width": 247.765625
          },
          {
            "children": [
              {
                "active": 0,
                "children": [
                  "scene"
                ],
                "height": 588.203125,
                "type": "panel",
                "width": 1039.203125
              },
              {
                "active": 0,
                "children": [
                  "console",
                  "timeline",
                  "game-window"
                ],
                "height": 330.78125,
                "type": "panel",
                "width": 1039.203125
              }
            ],
            "height": 922,
            "type": "dock-v",
            "width": 1039.203125
          },
          {
            "active": 0,
            "children": [
              "inspector",
              "node-library",
              "cocos-services"
            ],
            "height": 922,
            "type": "panel",
            "width": 611.015625
          }
        ],
        "type": "dock-h"
      },
      "panels": [
        "hierarchy",
        "assets",
        "scene",
        "console",
        "timeline",
        "game-window",
        "inspector",
        "node-library",
        "cocos-services"
      ]
    }
  },
  "panels": {
    "preferences": {
      "x": 512,
      "y": 150,
      "width": 600,
      "height": 565
    },
    "project-settings": {
      "x": 512,
      "y": 150,
      "width": 600,
      "height": 565
    },
    "sprite-editor": {
      "x": 542,
      "y": 150,
      "width": 516,
      "height": 539
    },
    "builder": {
      "x": 672,
      "y": 73,
      "width": 670,
      "height": 706
    }
  },
  "panelLabelWidth": {
    "preferences": null,
    "inspector": null,
    "project-settings": null,
    "builder": null
  },
  "panelLabelWidth.preferences": null,
  "panelLabelWidth.inspector": null,
  "panelLabelWidth.project-settings": null,
  "panelLabelWidth.builder": null
}
