{
  "9836134e-b892-4283-b6b2-78b5acf3ed45": {
    "asset": 1577934101733,
    "meta": 1577087550000,
    "relativePath": "effects"
  },
  "430eccbf-bf2c-4e6e-8c0c-884bbb487f32": {
    "asset": 1577087550000,
    "meta": 1579747801201,
    "relativePath": "effects\\__builtin-editor-gizmo-line.effect"
  },
  "6c5cf6e1-b044-4eac-9431-835644d57381": {
    "asset": 1577087550000,
    "meta": 1579747801239,
    "relativePath": "effects\\__builtin-editor-gizmo-unlit.effect"
  },
  "115286d1-2e10-49ee-aab4-341583f607e8": {
    "asset": 1577087550000,
    "meta": 1579747801318,
    "relativePath": "effects\\__builtin-editor-gizmo.effect"
  },
  "abc2cb62-7852-4525-a90d-d474487b88f2": {
    "asset": 1577087550000,
    "meta": 1579747801368,
    "relativePath": "effects\\builtin-phong.effect"
  },
  "e2f00085-c597-422d-9759-52c360279106": {
    "asset": 1577087550000,
    "meta": 1579747801369,
    "relativePath": "effects\\builtin-toon.effect"
  },
  "f8e6b000-5643-4b86-9080-aa680ce1f599": {
    "asset": 1577934014704,
    "meta": 1577087550000,
    "relativePath": "image"
  },
  "71561142-4c83-4933-afca-cb7a17f67053": {
    "asset": 1577087550000,
    "meta": 1579747801583,
    "relativePath": "image\\default_btn_disabled.png"
  },
  "e851e89b-faa2-4484-bea6-5c01dd9f06e2": {
    "asset": 1577087550000,
    "meta": 1579747801584,
    "relativePath": "image\\default_btn_normal.png"
  },
  "edd215b9-2796-4a05-aaf5-81f96c9281ce": {
    "asset": 1577087550000,
    "meta": 1579747801594,
    "relativePath": "image\\default_editbox_bg.png"
  },
  "b43ff3c2-02bb-4874-81f7-f2dea6970f18": {
    "asset": 1577087550000,
    "meta": 1579747801594,
    "relativePath": "image\\default_btn_pressed.png"
  },
  "99170b0b-d210-46f1-b213-7d9e3f23098a": {
    "asset": 1577087550000,
    "meta": 1579747801602,
    "relativePath": "image\\default_progressbar_bg.png"
  },
  "d81ec8ad-247c-4e62-aa3c-d35c4193c7af": {
    "asset": 1577087550000,
    "meta": 1579747801601,
    "relativePath": "image\\default_panel.png"
  },
  "cfef78f1-c8df-49b7-8ed0-4c953ace2621": {
    "asset": 1577087550000,
    "meta": 1579747801609,
    "relativePath": "image\\default_progressbar.png"
  },
  "567dcd80-8bf4-4535-8a5a-313f1caf078a": {
    "asset": 1577087550000,
    "meta": 1579747801610,
    "relativePath": "image\\default_radio_button_off.png"
  },
  "9d60001f-b5f4-4726-a629-2659e3ded0b8": {
    "asset": 1577087550000,
    "meta": 1579747801616,
    "relativePath": "image\\default_radio_button_on.png"
  },
  "4bab67cb-18e6-4099-b840-355f0473f890": {
    "asset": 1577087550000,
    "meta": 1579747801617,
    "relativePath": "image\\default_scrollbar_bg.png"
  },
  "617323dd-11f4-4dd3-8eec-0caf6b3b45b9": {
    "asset": 1577087550000,
    "meta": 1579747801623,
    "relativePath": "image\\default_scrollbar_vertical_bg.png"
  },
  "d6d3ca85-4681-47c1-b5dd-d036a9d39ea2": {
    "asset": 1577087550000,
    "meta": 1579747801625,
    "relativePath": "image\\default_scrollbar_vertical.png"
  },
  "0275e94c-56a7-410f-bd1a-fc7483f7d14a": {
    "asset": 1577087550000,
    "meta": 1579747801631,
    "relativePath": "image\\default_sprite_splash.png"
  },
  "0291c134-b3da-4098-b7b5-e397edbe947f": {
    "asset": 1577087550000,
    "meta": 1579747801630,
    "relativePath": "image\\default_scrollbar.png"
  },
  "6e056173-d285-473c-b206-40a7fff5386e": {
    "asset": 1577087550000,
    "meta": 1579747801637,
    "relativePath": "image\\default_sprite.png"
  },
  "73a0903d-d80e-4e3c-aa67-f999543c08f5": {
    "asset": 1577087550000,
    "meta": 1579747801638,
    "relativePath": "image\\default_toggle_checkmark.png"
  },
  "d29077ba-1627-4a72-9579-7b56a235340c": {
    "asset": 1577087550000,
    "meta": 1579747801645,
    "relativePath": "image\\default_toggle_normal.png"
  },
  "c25b9d50-c8fc-4d27-beeb-6e7c1f2e5c0f": {
    "asset": 1577087550000,
    "meta": 1579747801644,
    "relativePath": "image\\default_toggle_disabled.png"
  },
  "5c3eedba-6c41-4c0c-9ba7-d91f813cbd1c": {
    "asset": 1577934014720,
    "meta": 1577087550000,
    "relativePath": "materials"
  },
  "c4480a0a-6ac5-443f-8b40-361a14257fc8": {
    "asset": 1577087550000,
    "meta": 1579747801648,
    "relativePath": "materials\\builtin-phong.mtl"
  },
  "b181c1e4-0a72-4a91-bfb0-ae6f36ca60bd": {
    "asset": 1577087550000,
    "meta": 1579747801655,
    "relativePath": "image\\default_toggle_pressed.png"
  },
  "fc09f9bd-2cce-4605-b630-8145ef809ed6": {
    "asset": 1577934014738,
    "meta": 1577087550000,
    "relativePath": "misc"
  },
  "db019bf7-f71c-4111-98cf-918ea180cb48": {
    "asset": 1577934014847,
    "meta": 1577087550000,
    "relativePath": "model"
  },
  "e39e96e6-6f6e-413f-bcf1-ac7679bb648a": {
    "asset": 1577934014830,
    "meta": 1577087550000,
    "relativePath": "model\\prefab"
  },
  "a87cc147-01b2-43f8-8e42-a7ca90b0c757": {
    "asset": 1577934316686,
    "meta": 1579747801658,
    "relativePath": "model\\prefab\\box.prefab"
  },
  "fe1417b6-fe6b-46a4-ae7c-9fd331f33a2a": {
    "asset": 1577934316688,
    "meta": 1579747801660,
    "relativePath": "model\\prefab\\capsule.prefab"
  },
  "b5fc2cf2-7942-483d-be1f-bbeadc4714ad": {
    "asset": 1577934316690,
    "meta": 1579747801662,
    "relativePath": "model\\prefab\\cone.prefab"
  },
  "2be36297-9abb-4fee-8049-9ed5e271da8a": {
    "asset": 1577087550000,
    "meta": 1579747801653,
    "relativePath": "misc\\default_video.mp4"
  },
  "1c5e4038-953a-44c2-b620-0bbfc6170477": {
    "asset": 1577934316693,
    "meta": 1579747801663,
    "relativePath": "model\\prefab\\cylinder.prefab"
  },
  "3f376125-a699-40ca-ad05-04d662eaa1f2": {
    "asset": 1577934316694,
    "meta": 1579747801668,
    "relativePath": "model\\prefab\\plane.prefab"
  },
  "6c9ef10d-b479-420b-bfe6-39cdda6a8ae0": {
    "asset": 1577934316697,
    "meta": 1579747801668,
    "relativePath": "model\\prefab\\quad.prefab"
  },
  "2d9a4b85-b0ab-4c46-84c5-18f393ab2058": {
    "asset": 1577934316699,
    "meta": 1579747801671,
    "relativePath": "model\\prefab\\sphere.prefab"
  },
  "de510076-056b-484f-b94c-83bef217d0e1": {
    "asset": 1577934316745,
    "meta": 1579747801765,
    "relativePath": "model\\prefab\\torus.prefab"
  },
  "f6e6dd15-71d1-4ffe-ace7-24fd39942c05": {
    "asset": 1577934014872,
    "meta": 1577087550000,
    "relativePath": "obsolete"
  },
  "8a96b965-2dc0-4e03-aa90-3b79cb93b5b4": {
    "asset": 1577087550000,
    "meta": 1579747801776,
    "relativePath": "obsolete\\atom.png"
  },
  "f743d2b6-b7ea-4c14-a55b-547ed4d0a045": {
    "asset": 1577934014949,
    "meta": 1577087550000,
    "relativePath": "particle"
  },
  "b2687ac4-099e-403c-a192-ff477686f4f5": {
    "asset": 1577087550000,
    "meta": 1579747802013,
    "relativePath": "particle\\atom.plist"
  },
  "d0a82d39-bede-46c4-b698-c81ff0dedfff": {
    "asset": 1577087550000,
    "meta": 1579747801787,
    "relativePath": "particle\\atom.png"
  },
  "ae6c6c98-11e4-452f-8758-75f5c6a56e83": {
    "asset": 1577934101787,
    "meta": 1577087550000,
    "relativePath": "prefab"
  },
  "972b9a4d-47ee-4c74-b5c3-61d8a69bc29f": {
    "asset": 1577934316768,
    "meta": 1579747801791,
    "relativePath": "prefab\\button.prefab"
  },
  "897ef7a1-4860-4f64-968d-f5924b18668a": {
    "asset": 1577934316771,
    "meta": 1579747801794,
    "relativePath": "prefab\\camera.prefab"
  },
  "2c937608-2562-40ea-b264-7395df6f0cea": {
    "asset": 1577934316773,
    "meta": 1579747801797,
    "relativePath": "prefab\\canvas.prefab"
  },
  "61aeb05b-3b32-452b-8eed-2b76deeed554": {
    "asset": 1577934316780,
    "meta": 1579747801800,
    "relativePath": "prefab\\editbox.prefab"
  },
  "27756ebb-3d33-44b0-9b96-e858fadd4dd4": {
    "asset": 1577934316782,
    "meta": 1579747801802,
    "relativePath": "prefab\\label.prefab"
  },
  "785a442c-3ceb-45be-a46e-7317f625f3b9": {
    "asset": 1577934316785,
    "meta": 1579747801805,
    "relativePath": "prefab\\layout.prefab"
  },
  "a3ee0214-b432-4865-9666-4a3211814282": {
    "asset": 1577934101782,
    "meta": 1577087550000,
    "relativePath": "prefab\\light"
  },
  "b8223619-7e38-47c4-841f-9160c232495a": {
    "asset": 1577087550000,
    "meta": 1579747802012,
    "relativePath": "obsolete\\atom.plist"
  },
  "61906da3-7003-4bda-9abc-5769c76faee4": {
    "asset": 1577934316789,
    "meta": 1579747801808,
    "relativePath": "prefab\\light\\ambient.prefab"
  },
  "ddb99b39-7004-47cd-9705-751905c43c46": {
    "asset": 1577934316791,
    "meta": 1579747801811,
    "relativePath": "prefab\\light\\directional.prefab"
  },
  "0cf30284-9073-46bc-9eba-e62b69dbbff3": {
    "asset": 1577934316795,
    "meta": 1579747801814,
    "relativePath": "prefab\\light\\point.prefab"
  },
  "f5331fd2-bf42-4ee3-a3fd-3e1657600eff": {
    "asset": 1577934316797,
    "meta": 1579747801818,
    "relativePath": "prefab\\light\\spot.prefab"
  },
  "ca8401fe-ad6e-41a8-bd46-8e3e4e9945be": {
    "asset": 1577934316799,
    "meta": 1579747801820,
    "relativePath": "prefab\\pageview.prefab"
  },
  "cd33edea-55f5-46c2-958d-357a01384a36": {
    "asset": 1577934316801,
    "meta": 1579747801822,
    "relativePath": "prefab\\particlesystem.prefab"
  },
  "5965ffac-69da-4b55-bcde-9225d0613c28": {
    "asset": 1577934316804,
    "meta": 1579747801824,
    "relativePath": "prefab\\progressBar.prefab"
  },
  "4a37dd57-78cd-4cec-aad4-f11a73d12b63": {
    "asset": 1577934316807,
    "meta": 1579747801827,
    "relativePath": "prefab\\richtext.prefab"
  },
  "32044bd2-481f-4cf1-a656-e2b2fb1594eb": {
    "asset": 1577934316810,
    "meta": 1579747801831,
    "relativePath": "prefab\\scrollview.prefab"
  },
  "0004d1cf-a0ad-47d8-ab17-34d3db9d35a3": {
    "asset": 1577934316813,
    "meta": 1579747801834,
    "relativePath": "prefab\\slider.prefab"
  },
  "1f55e3be-b89b-4b79-88de-47fd31018044": {
    "asset": 1577934316816,
    "meta": 1579747801836,
    "relativePath": "prefab\\sprite_splash.prefab"
  },
  "96083d03-c332-4a3f-9386-d03e2d19e8ee": {
    "asset": 1577934316818,
    "meta": 1579747801838,
    "relativePath": "prefab\\sprite.prefab"
  },
  "7de03a80-4457-438d-95a7-3e7cdffd6086": {
    "asset": 1577934316821,
    "meta": 1579747801840,
    "relativePath": "prefab\\tiledmap.prefab"
  },
  "0e42ba95-1fa1-46aa-b2cf-143cd1bcee2c": {
    "asset": 1577934316823,
    "meta": 1579747801843,
    "relativePath": "prefab\\tiledtile.prefab"
  },
  "0d784963-d024-4ea6-a7db-03be0ad63010": {
    "asset": 1577934316827,
    "meta": 1579747801845,
    "relativePath": "prefab\\toggle.prefab"
  },
  "bf0a434c-84dd-4a8e-a08a-7a36f180cc75": {
    "asset": 1577934316834,
    "meta": 1579747801848,
    "relativePath": "prefab\\toggleContainer.prefab"
  },
  "d1b8be49-b0a0-435c-83b7-552bed4bbe35": {
    "asset": 1577934316837,
    "meta": 1579747801851,
    "relativePath": "prefab\\toggleGroup.prefab"
  },
  "232d2782-c4bd-4bb4-9e01-909f03d6d3b9": {
    "asset": 1577934316840,
    "meta": 1579747801854,
    "relativePath": "prefab\\videoplayer.prefab"
  },
  "d8afc78c-4eac-4a9f-83dd-67bc70344d33": {
    "asset": 1577934015388,
    "meta": 1577087550000,
    "relativePath": "resources"
  },
  "294c1663-4adf-4a1e-a795-53808011a38a": {
    "asset": 1577934015315,
    "meta": 1577087550000,
    "relativePath": "resources\\effects"
  },
  "144c3297-af63-49e8-b8ef-1cfa29b3be28": {
    "asset": 1577087550000,
    "meta": 1579747801870,
    "relativePath": "resources\\effects\\builtin-2d-gray-sprite.effect"
  },
  "0e93aeaa-0b53-4e40-b8e0-6268b4e07bd7": {
    "asset": 1577087550000,
    "meta": 1579747801883,
    "relativePath": "resources\\effects\\builtin-2d-spine.effect"
  },
  "2874f8dd-416c-4440-81b7-555975426e93": {
    "asset": 1577087550000,
    "meta": 1579747801891,
    "relativePath": "resources\\effects\\builtin-2d-sprite.effect"
  },
  "8c5001fd-07ee-4a4b-a8a0-63e15195e94d": {
    "asset": 1577934316842,
    "meta": 1579747801859,
    "relativePath": "prefab\\webview.prefab"
  },
  "c0040c95-c57f-49cd-9cbc-12316b73d0d4": {
    "asset": 1577087550000,
    "meta": 1579747801898,
    "relativePath": "resources\\effects\\builtin-clear-stencil.effect"
  },
  "79eafaef-b7ef-45d9-9c3f-591dc836fc7a": {
    "asset": 1577087550000,
    "meta": 1579747801915,
    "relativePath": "resources\\effects\\builtin-unlit-transparent.effect"
  },
  "6d91e591-4ce0-465c-809f-610ec95019c6": {
    "asset": 1577087550000,
    "meta": 1579747801929,
    "relativePath": "resources\\effects\\builtin-unlit.effect"
  },
  "bbee2217-c261-49bd-a8ce-708d6bcc3500": {
    "asset": 1577934015383,
    "meta": 1577087550000,
    "relativePath": "resources\\materials"
  },
  "6f801092-0c37-4f30-89ef-c8d960825b36": {
    "asset": 1577087550000,
    "meta": 1579747801931,
    "relativePath": "resources\\materials\\builtin-2d-base.mtl"
  },
  "3a7bb79f-32fd-422e-ada2-96f518fed422": {
    "asset": 1577087550000,
    "meta": 1579747801932,
    "relativePath": "resources\\materials\\builtin-2d-gray-sprite.mtl"
  },
  "7afd064b-113f-480e-b793-8817d19f63c3": {
    "asset": 1577087550000,
    "meta": 1579747801941,
    "relativePath": "resources\\materials\\builtin-2d-spine.mtl"
  },
  "eca5d2f2-8ef6-41c2-bbe6-f9c79d09c432": {
    "asset": 1577087550000,
    "meta": 1579747801954,
    "relativePath": "resources\\materials\\builtin-2d-sprite.mtl"
  },
  "cf7e0bb8-a81c-44a9-ad79-d28d43991032": {
    "asset": 1577087550000,
    "meta": 1579747801956,
    "relativePath": "resources\\materials\\builtin-clear-stencil.mtl"
  },
  "2a296057-247c-4a1c-bbeb-0548b6c98650": {
    "asset": 1577087550000,
    "meta": 1579747801963,
    "relativePath": "resources\\materials\\builtin-unlit.mtl"
  },
  "954fec8b-cd16-4bb9-a3b7-7719660e7558": {
    "asset": 1577087550000,
    "meta": 1579747804389,
    "relativePath": "model\\primitives.fbx"
  },
  "4a45dad5-ffb8-4ea5-bed1-2a119afd17b8": {
    "asset": 1577972806000,
    "meta": 1577972780000,
    "relativePath": "sounds"
  },
  "6d55a107-ddc4-4d77-bfac-fef0009f07bd": {
    "asset": 1577972806000,
    "meta": 1579747805244,
    "relativePath": "sounds\\gun.mp3"
  },
  "3bba4dc6-aaff-4ad0-9fb4-0a1e03c6e80c": {
    "asset": 1579708440000,
    "meta": 1577973682000,
    "relativePath": "scripts"
  },
  "1b3c4280-09d2-4019-8252-52d4bbc032e2": {
    "asset": 1578466618000,
    "meta": 1579747804486,
    "relativePath": "resources\\textures\\cell.png"
  },
  "5dc6dcc2-81f0-408c-ab23-b964fcad4022": {
    "asset": 1579574420000,
    "meta": 1578467054000,
    "relativePath": "prefabs"
  },
  "0dae58c2-8d98-4607-95ab-4819fee33864": {
    "asset": 1578467066000,
    "meta": 1579747804474,
    "relativePath": "prefabs\\cell.prefab"
  },
  "178e29e9-fc2b-456d-9f72-198d6c02fcc1": {
    "asset": 1578647526000,
    "meta": 1579747804470,
    "relativePath": "MainMenu.fire"
  },
  "1f86d025-22d7-4805-8589-b644faa90b40": {
    "asset": 1578467936000,
    "meta": 1579747804738,
    "relativePath": "resources\\textures\\easter_egg_bg.png"
  },
  "5364fc81-3088-404a-926f-5cf909a402b8": {
    "asset": 1578647522000,
    "meta": 1578469052000,
    "relativePath": "resources\\textures\\Buttons"
  },
  "5cd4ce4c-8462-438c-9c25-ab2037bb9697": {
    "asset": 1578576086000,
    "meta": 1578472608000,
    "relativePath": "resources\\textures\\Eggs"
  },
  "12f13c2a-e942-4e16-9a8c-f43b4add45c8": {
    "asset": 1578472440000,
    "meta": 1579747804516,
    "relativePath": "resources\\textures\\Eggs\\egg_01.png"
  },
  "6c288575-a5a0-41db-b384-78e380bc3053": {
    "asset": 1578472496000,
    "meta": 1579747804533,
    "relativePath": "resources\\textures\\Eggs\\egg_03.png"
  },
  "f74da79c-0490-41fb-b581-aedc18c1a63b": {
    "asset": 1578472470000,
    "meta": 1579747804525,
    "relativePath": "resources\\textures\\Eggs\\egg_02.png"
  },
  "4de620d5-830b-4030-a839-058bda4deed7": {
    "asset": 1578472532000,
    "meta": 1579747804562,
    "relativePath": "resources\\textures\\Eggs\\egg_05.png"
  },
  "cdd46d21-77c0-43f8-ac1d-064dbba28b31": {
    "asset": 1578472510000,
    "meta": 1579747804542,
    "relativePath": "resources\\textures\\Eggs\\egg_04.png"
  },
  "3bc81f00-14b7-418d-bd38-65646e077b7a": {
    "asset": 1578472544000,
    "meta": 1579747804590,
    "relativePath": "resources\\textures\\Eggs\\egg_07.png"
  },
  "3a767efa-d779-4e34-ad52-630dd1793a1b": {
    "asset": 1578472554000,
    "meta": 1579747804578,
    "relativePath": "resources\\textures\\Eggs\\egg_06.png"
  },
  "d4ca4a5f-7208-4874-a1a2-74f3be6193fe": {
    "asset": 1578472574000,
    "meta": 1579747804598,
    "relativePath": "resources\\textures\\Eggs\\egg_08.png"
  },
  "0fc04e9d-82d2-4bbf-9d3b-efa1343383d3": {
    "asset": 1578472590000,
    "meta": 1579747804507,
    "relativePath": "resources\\textures\\Eggs\\egg_00.png"
  },
  "62c9fc8b-0f2d-4446-a24e-f4c394f1db89": {
    "asset": 1578625410000,
    "meta": 1578472844000,
    "relativePath": "resources\\textures\\Players"
  },
  "e590bc6c-92bb-4bd7-839d-2f294bc3080f": {
    "asset": 1578472682000,
    "meta": 1579747804691,
    "relativePath": "resources\\textures\\Players\\player_01.png"
  },
  "49ca8096-a586-44e7-a8a0-25ac1cdfd139": {
    "asset": 1578472696000,
    "meta": 1579747804699,
    "relativePath": "resources\\textures\\Players\\player_02.png"
  },
  "5412e18f-a269-423f-b348-95a7f2868dcd": {
    "asset": 1578472706000,
    "meta": 1579747804707,
    "relativePath": "resources\\textures\\Players\\player_03.png"
  },
  "b06a7931-e8b9-4df0-8a04-7ec11e5bdf98": {
    "asset": 1578472718000,
    "meta": 1579747804719,
    "relativePath": "resources\\textures\\Players\\player_04.png"
  },
  "31a876c9-bc69-42e9-bb52-687f85d1280c": {
    "asset": 1578472784000,
    "meta": 1579747804731,
    "relativePath": "resources\\textures\\Players\\player_05.png"
  },
  "3add4dd9-50fe-497c-8a1c-5013b307346d": {
    "asset": 1578472796000,
    "meta": 1579747804745,
    "relativePath": "resources\\textures\\Players\\player_06.png"
  },
  "e5b6df7d-ffac-4d4c-a21c-523b6cacfcdc": {
    "asset": 1578472810000,
    "meta": 1579747804750,
    "relativePath": "resources\\textures\\Players\\player_07.png"
  },
  "a7ffada8-2b6f-4919-b312-ea8f6f08f6c1": {
    "asset": 1578476764000,
    "meta": 1578476508000,
    "relativePath": "resources\\textures\\Fonts"
  },
  "f6004da7-63df-4b1d-8dbd-f70da4bdfdf9": {
    "asset": 1578476514000,
    "meta": 1579747805254,
    "relativePath": "resources\\textures\\Fonts\\mikado_outline_shadow.fnt"
  },
  "3b4646b0-a747-4aca-941a-8efe3eead4aa": {
    "asset": 1578476530000,
    "meta": 1579747804641,
    "relativePath": "resources\\textures\\Fonts\\mikado_outline_shadow.png"
  },
  "bb6d996d-655a-4e57-a966-d365c05ecaa8": {
    "asset": 1578476764000,
    "meta": 1579747804643,
    "relativePath": "resources\\textures\\Fonts\\PoetsenOne-Regular.ttf"
  },
  "7fa02abf-ccb6-4c49-b1f3-5c26618546fd": {
    "asset": 1578575730000,
    "meta": 1578539640000,
    "relativePath": "resources"
  },
  "d35d646b-88ea-4505-964a-d874d94b7304": {
    "asset": 1578647594000,
    "meta": 1578540958000,
    "relativePath": "resources\\textures"
  },
  "a9d1ef58-59d4-469d-83cc-b1ea3b3a5180": {
    "asset": 1578472470000,
    "meta": 1579747804518,
    "relativePath": "resources\\textures\\Eggs\\egg_02"
  },
  "c6c48824-5853-4daa-8b47-e5330fcb529c": {
    "asset": 1578472440000,
    "meta": 1579747804510,
    "relativePath": "resources\\textures\\Eggs\\egg_01"
  },
  "10805181-39b9-449e-9721-82b9414fc121": {
    "asset": 1578472496000,
    "meta": 1579747804528,
    "relativePath": "resources\\textures\\Eggs\\egg_03"
  },
  "5a4b203f-4ad9-4a4d-b492-964c5c781fc4": {
    "asset": 1578472510000,
    "meta": 1579747804535,
    "relativePath": "resources\\textures\\Eggs\\egg_04"
  },
  "4090823e-62f3-45a5-b988-581110979fde": {
    "asset": 1578472532000,
    "meta": 1579747804547,
    "relativePath": "resources\\textures\\Eggs\\egg_05"
  },
  "58e33c9e-b19d-472f-beca-92de28896416": {
    "asset": 1578472554000,
    "meta": 1579747804568,
    "relativePath": "resources\\textures\\Eggs\\egg_06"
  },
  "c36683d4-a92a-4fe1-9f6c-1f6cf6fd345f": {
    "asset": 1578472544000,
    "meta": 1579747804582,
    "relativePath": "resources\\textures\\Eggs\\egg_07"
  },
  "a36a2dca-e4e8-46d7-865d-d2ce0c517a68": {
    "asset": 1578472574000,
    "meta": 1579747804592,
    "relativePath": "resources\\textures\\Eggs\\egg_08"
  },
  "93add020-4ee9-4c79-9b49-b53222b07c7e": {
    "asset": 1578472590000,
    "meta": 1579747804500,
    "relativePath": "resources\\textures\\Eggs\\egg_00"
  },
  "7fd49315-7263-44db-a9bd-debb27bd2a79": {
    "asset": 1578472836000,
    "meta": 1579747804682,
    "relativePath": "resources\\textures\\Players\\player_01"
  },
  "485c8ab5-1f40-475f-bf85-6bdee6c3c972": {
    "asset": 1578472696000,
    "meta": 1579747804693,
    "relativePath": "resources\\textures\\Players\\player_02"
  },
  "7219e80a-7eae-4907-92bf-3e1d8dbf8dc8": {
    "asset": 1578472706000,
    "meta": 1579747804701,
    "relativePath": "resources\\textures\\Players\\player_03"
  },
  "57f1b9c6-ccd0-4df0-85d5-91ff6c135aa1": {
    "asset": 1578472784000,
    "meta": 1579747804722,
    "relativePath": "resources\\textures\\Players\\player_05"
  },
  "02317e2f-ba3f-48ff-9a5d-c0d5f33a748a": {
    "asset": 1578472718000,
    "meta": 1579747804710,
    "relativePath": "resources\\textures\\Players\\player_04"
  },
  "684fcf07-44e6-4de5-968c-0120ceec3a93": {
    "asset": 1578472810000,
    "meta": 1579747804744,
    "relativePath": "resources\\textures\\Players\\player_07"
  },
  "bc87f987-c3f4-48f1-88a8-678e68925869": {
    "asset": 1578472796000,
    "meta": 1579747804735,
    "relativePath": "resources\\textures\\Players\\player_06"
  },
  "0e868cfd-4b21-485a-bf3d-5f1d93268381": {
    "asset": 1578625290000,
    "meta": 1579747804658,
    "relativePath": "resources\\textures\\Players\\player_00"
  },
  "57241468-0acf-46cd-9de9-f50cfb3198b3": {
    "asset": 1578625290000,
    "meta": 1579747804677,
    "relativePath": "resources\\textures\\Players\\player_00.png"
  },
  "98241308-db9f-4e10-8784-9db199877681": {
    "asset": 1578664118000,
    "meta": 1579747804467,
    "relativePath": "GameOver.fire"
  },
  "fe1c51d3-0b0e-4bf0-b495-941a894a5b83": {
    "asset": 1578642672000,
    "meta": 1579747804497,
    "relativePath": "resources\\textures\\Buttons\\winnerCup.jpg"
  },
  "efa108e1-a95e-4009-97a9-fb338269f0f5": {
    "asset": 1578643136000,
    "meta": 1579747804869,
    "relativePath": "scripts\\btnReplay.ts"
  },
  "2c9e24d9-f899-42c4-960a-1c928f0693e2": {
    "asset": 1578643174000,
    "meta": 1579747804850,
    "relativePath": "scripts\\btnBack.ts"
  },
  "5d33360d-d444-4726-a10a-f690569d7e9b": {
    "asset": 1578647594000,
    "meta": 1579747804826,
    "relativePath": "resources\\textures\\winnerCup.png"
  },
  "eaf32783-faf8-4f55-b9a5-e7df84f4341b": {
    "asset": 1578850726000,
    "meta": 1579747804477,
    "relativePath": "prefabs\\lb_item.prefab"
  },
  "190cb0d1-7edf-4e41-8ed8-e15d967deb04": {
    "asset": 1578928486000,
    "meta": 1579747805242,
    "relativePath": "scripts\\Winner.ts"
  },
  "1712dcb3-cc33-4af9-9790-945e65d0362a": {
    "asset": 1579098978000,
    "meta": 1579747804479,
    "relativePath": "prefabs\\remotePlayer.prefab"
  },
  "ee2e59b5-53ab-4762-bb21-007a224307c8": {
    "asset": 1579770072357,
    "meta": 1579770072365,
    "relativePath": "Game.fire"
  },
  "ff44c54b-c95c-4f5b-af02-4339240c3652": {
    "asset": 1579485528000,
    "meta": 1579747804477,
    "relativePath": "prefabs\\player.prefab"
  },
  "9bb79436-4baf-44f1-8968-7bfa4c63c68c": {
    "asset": 1579574420000,
    "meta": 1579747804474,
    "relativePath": "prefabs\\egg.prefab"
  },
  "d6c4fb5e-5793-4c89-b7be-6f566a8fc539": {
    "asset": 1579708982000,
    "meta": 1579747804841,
    "relativePath": "scripts\\BaseObject.ts"
  },
  "27d475f8-70e5-4530-a870-ecd3fff824c5": {
    "asset": 1579711604000,
    "meta": 1579747805107,
    "relativePath": "scripts\\Player.ts"
  },
  "63b2a2b0-7201-47e3-bcc3-01becac03c54": {
    "asset": 1579753745560,
    "meta": 1579753746120,
    "relativePath": "scripts\\Server.ts"
  },
  "9b34a46f-1f08-4a92-ad6f-b04c6e96933b": {
    "asset": 1579754970830,
    "meta": 1579754973252,
    "relativePath": "scripts\\Egg.ts"
  },
  "17b0a127-4a55-4a43-8efb-9b5d34beae9f": {
    "asset": 1579757210369,
    "meta": 1579757210822,
    "relativePath": "scripts\\btnPlay.ts"
  },
  "9761e16b-405f-40ca-a8cd-b60531015b5d": {
    "asset": 1579761530856,
    "meta": 1579761786474,
    "relativePath": "scripts\\UI.ts"
  },
  "37c02949-66f7-4dcd-8789-24e8c5859a19": {
    "asset": 1579762059075,
    "meta": 1579762414125,
    "relativePath": "scripts\\EggManager.ts"
  },
  "60c84749-7640-4bab-970e-a40873eda3b7": {
    "asset": 1579766134330,
    "meta": 1579766135334,
    "relativePath": "scripts\\UIManager.ts"
  },
  "4acbcd23-f04a-4681-8666-408c2747ffc0": {
    "asset": 1579767927280,
    "meta": 1579767936244,
    "relativePath": "scripts\\Leaderboard_item.ts"
  },
  "fb0e6d7f-b700-4880-8fc0-e57e52089c46": {
    "asset": 1579768109210,
    "meta": 1579768613699,
    "relativePath": "scripts\\ResourceManager.ts"
  },
  "23c240c0-ef1e-4517-9aec-f24f740ab0d6": {
    "asset": 1579769662870,
    "meta": 1579769664118,
    "relativePath": "scripts\\ServerManager.ts"
  },
  "3b20a3d1-8846-4ace-99ef-918152dec095": {
    "asset": 1579769779101,
    "meta": 1579769780317,
    "relativePath": "scripts\\GameManager.ts"
  },
  "a5955902-15d2-4015-b2e3-c9d561654c2d": {
    "asset": 1579770071355,
    "meta": 1579770072115,
    "relativePath": "scripts\\EasterEgg.ts"
  }
}